"Post ID","Page ID","Page name",Title,Description,"Duration (sec)","Publish time","Caption type",Permalink,"Is crosspost","Is share","Post type",Languages,"Custom labels","Funded content status","Data comment",Date,Views,Reach,"Reactions, Comments and Shares",Reactions,Comments,Shares,"Total clicks","Matched Audience Targeting Consumption (Photo Click)","Other Clicks"
1678275390970189,100063632328018,"Core Four Roofing","A TPO roof is more than a white membrane stretched across a commercial building.

Its long-term performance depends on the details: properly welded seams, secure transitions, well-finished penetrations, effective drainage, and careful work around rooftop equipment and perimeter edges.

That’s why commercial roofing experience matters. Core Four Roofing looks at the entire system, not just the open field of the roof, to help property owners and managers make informed decisions about installation, repair, and maintenance.

Talk with Core Four Roofing about whether TPO is the right system for your commercial property.

#CoreFourRoofing #TPORoofing #CommercialRoofing #FlatRoofing #TexasRoofing",,0,"08/16/2026 13:55",N/A,https://www.facebook.com/corefourroofing/posts/pfbid0hR9BEsAfFdh2cBeqEkZ9CiUSopd4ET3mixmG1bLnnRuuafcL312X3a8UCYnPgWvgl,0,0,Photos,,,,,Lifetime,48,32,2,2,0,0,2,,2
1676131541184574,100063632328018,"Core Four Roofing","Core Four Roofing serves clients across Houston, Dallas, Austin, and surrounding Texas communities with the same focus on communication, responsiveness, and service.

No matter the market, our goal is the same: show up professionally, communicate clearly, and bring commercial-first roofing support that property owners and managers can count on.

That consistency matters, especially when clients want a roofing partner that feels responsive and personal, not distant or transactional.

Follow Core Four Roofing for commercial roofing insights and project updates across Texas. #CoreFourRoofing #TexasRoofing #CommercialRoofing #HoustonRoofing #PropertyManagement",,0,"08/14/2026 10:43",N/A,https://www.facebook.com/corefourroofing/posts/pfbid0SyHJMzqiobnoDFVihqxeSSD66ECRtLta3GtDSH98kaXTSCBV1PMQJMnraBhgdTQCl,0,0,Photos,,,,,Lifetime,116,68,2,1,1,0,7,1,6
1674182268046168,100063632328018,"Core Four Roofing","Choosing a new roof is also a design decision. The right color, profile, and material should work with the home’s brick, stone, stucco, siding, trim, and overall architectural style.

A roofing sample can look different once it’s viewed in natural light and across a full roofline. Homeowners may also need to consider neighborhood standards, HOA requirements, and how the selection will feel several years from now—not just what is trending today.

Core Four Roofing helps homeowners compare premium roofing options with both performance and appearance in mind. The goal is a finished system that fits the home instead of simply sitting on top of it.

Planning a residential roof replacement? Talk with our team about materials and profiles that complement your home. #CoreFourRoofing #PremiumRoofing #ResidentialRoofing #RoofDesign #TexasHomes",,0,"08/12/2026 11:50",N/A,https://www.facebook.com/corefourroofing/posts/pfbid0iNHxzSwwvU57vy3CcaruxJmo9GWdPosPXb5jZ6Z9NkLSu5yR5h2wNEHsUwUyWoxgl,0,0,Photos,,,,,Lifetime,76,45,1,1,0,0,2,1,1
1671753534955708,100063632328018,"Core Four Roofing","After a major Texas storm, most property teams check the parking lot, exterior walls, signage, and landscaping first. The roof should be part of that same walk-through.

Even without an active leak, wind and heavy rain can affect drainage areas, perimeter details, flashing, penetrations, and rooftop equipment. Catching a change early gives the property team more time to respond before it becomes an operational problem.

A proactive roof review is simply part of responsible commercial property management.  #CoreFourRoofing #CommercialRoofing #PropertyManagement #StormReadiness #TexasRoofing",,0,"08/10/2026 01:21",N/A,https://www.facebook.com/corefourroofing/posts/pfbid0U7FB1eLhNrJnRsWGN82ePX77pWaLy1DHEaUH5azA4yBUnbvntEBoAVXAgHJUw4Kjl,0,0,Photos,,,,,Lifetime,61,44,1,1,0,0,0,,
1669468415184220,100063632328018,"Core Four Roofing","New HVAC units, curbs, conduit, and other penetrations can affect flashing, sealing, drainage, and the surrounding roof system. If those details aren’t handled correctly, a building can end up with roofing issues that started with another trade’s work.

Core Four Roofing helps commercial property owners and managers look at the full picture so the roof is properly considered when rooftop equipment is added, replaced, or modified.

If your building has rooftop equipment work coming up, talk with Core Four Roofing about protecting the roof system along the way. #CoreFourRoofing #CommercialRoofing #RoofInspection #PropertyManagement",,0,"08/07/2026 13:25",N/A,https://www.facebook.com/corefourroofing/posts/pfbid02euTK7HT9NpxDarC5wYmsJ3nXWwVSEtpQL2pgwEWNKXxT8QYQ62dxJUf4ytHKekJHl,0,0,Photos,,,,,Lifetime,112,71,4,3,1,0,3,,3
1666886912109037,100063632328018,"Core Four Roofing","A finished roof gets most of the attention, but some of the most important work happens underneath it. The roof deck and underlayment help create the foundation the visible roofing material depends on.

During a roof replacement, the decking should be reviewed for areas that may need attention before the new system is installed. From there, the underlayment and surrounding details need to be handled correctly for the selected roofing material.

Whether the finished roof uses shingles, metal, tile, or another specialty system, quality starts below the surface. Core Four Roofing looks at the full roof assembly—not just what can be seen from the street.

When comparing roof replacement options, remember to ask what happens beneath the finished material.  CoreFourRoofing #ResidentialRoofing #RoofReplacement #PremiumRoofing #TexasRoofing",,0,"08/05/2026 04:30",N/A,https://www.facebook.com/corefourroofing/posts/pfbid0iEyaLsP3iiTFFpYsRr8zkpG1u3yJUQhzt69npWhmhdY48KryZK6FquVWsmteh6mQl,0,0,Photos,,,,,Lifetime,76,51,3,3,0,0,2,2,
1665008745630187,100063632328018,"Core Four Roofing","Commercial roof budgets are easier to build when the property team has a clear picture of the roof’s current condition.

An inspection can help separate immediate repair needs from areas that should be monitored or considered in a future capital plan. That information gives owners and managers a better foundation for evaluating maintenance, restoration, and eventual replacement costs.

Core Four Roofing helps commercial property teams understand what needs attention now, what can be planned for later, and where the roof may still have useful service life remaining.

Start planning ahead with a clearer understanding of your commercial roof. #CoreFourRoofing #CommercialRoofing #CapitalPlanning #PropertyManagement #TexasRoofing",,0,"08/03/2026 06:40",N/A,https://www.facebook.com/corefourroofing/posts/pfbid02oZiEdMUewyNYCvnHfnC3RgizZmb75LCF35V5CDaZUpXrQSbZDMAGUc6U3VNJX1uil,0,0,Photos,,,,,Lifetime,105,65,5,5,0,0,3,,3
1663321155798946,100063632328018,"Core Four Roofing","Two homes, two fresh rooflines, and a finished look that speaks for itself. 📸

There’s something satisfying about seeing a roof replacement wrap up well, especially when the finished result gives the whole home a cleaner, sharper look. This photo is a great reminder that a new roof doesn’t just protect the home. It also changes the way the property looks and feels.

Core Four Roofing helps homeowners invest in roofing systems that are built with quality, clear communication, and attention to the final result.

If your home is due for a roof replacement, talk with Core Four Roofing about the right next step.  #CoreFourRoofing #ResidentialRoofing #RoofReplacement #TexasRoofing #PremiumRoofing",,0,"08/01/2026 11:01",N/A,https://www.facebook.com/corefourroofing/posts/pfbid02oNMWFWdCEtdKtMsr82NsU4mogPUj5JRLhcn3kiee71j5t6F6stJDwx2D2zNxMcwyl,0,0,Photos,,,,,Lifetime,94,44,3,3,0,0,0,,
1661101362687592,100063632328018,"Core Four Roofing","When you hire a contractor, you expect the job to be done right. Unfortunately, that isn't always the case.

We recently inspected a residential tile roof after a homeowner reached out because their previous contractor's repairs didn't stop the leaks. What our team uncovered was a complete roofing disaster. Beyond the obvious damage, we found hidden hazards waiting to cause severe interior issues. There were exposed gaps leading straight into the attic, messy mortar repairs, failed caulk lines, and unsecured ventilation. Across the roof, broken stacked caps and cracked field tiles were completely ignored. They even left poorly pitched gutters holding standing water and dumped leftover construction debris right inside the attic space.

Situations like this highlight the true cost of hiring a non-expert. Tile roofs are highly complex, interlocking systems. If one piece is compromised or repaired incorrectly, your entire home is at risk.

Fortunately for this homeowner, the stress ends today. Core Four Roofing is stepping in to completely overhaul this botched job and make it right.

Don't leave your biggest investment to chance. Hire trusted experts with a proven reputation who back their work with a real warranty.

#CoreFourRoofing #RoofRepair #ResidentialRoofing",,0,"07/30/2026 04:40",N/A,https://www.facebook.com/corefourroofing/posts/pfbid0XPvgpjkJ9ogTuX9UDHtFTh2NnYN9bpbVCwzM5yQcm6zcMphiinLRzDtiCrNPnckcl,0,0,Photos,,,,,Lifetime,813,383,13,8,4,1,73,33,40
1659479202849808,100063632328018,"Core Four Roofing","Many commercial properties include different roof sections, materials, slopes, drainage areas, penetrations, and tenant spaces that all need to be considered together. That takes a team that understands how to look at the full property, not just one part of the roof.

For this retail center, Core Four Roofing brought the planning, communication, and roofing experience needed to support a more complex commercial project. When multiple roofing types are involved, the details matter — and so does having the right team on-site.

If your retail center or commercial property needs roofing support, talk with Core Four Roofing about the right plan for your building. #CoreFourRoofing #CommercialRoofing #RetailCenterRoofing #PropertyManagement #TexasRoofing",,0,"07/28/2026 11:45",N/A,https://www.facebook.com/corefourroofing/posts/pfbid021Zi69QwciiD516tPy2UC5QaiWBCd8V2hewJLsCtY78ZCGYxAxG4gt3r4br8WCXuyl,0,0,Photos,,,,,Lifetime,129,70,5,5,0,0,1,1,
1658458669618528,100063632328018,"Core Four Roofing","A good roof repair is about more than the final photo.

It’s also about the process, the details, and the care taken along the way. This gallery shows a residential roof repair in progress, followed by the finished result at the end.

For homeowners, that kind of visibility matters. Core Four Roofing works to keep the process clear and the work quality high, so the finished roof doesn’t just look better — it’s repaired with the right approach.

If your roof needs attention, talk with Core Four Roofing about the right repair plan for your home.

#CoreFourRoofing #RoofRepair #ResidentialRoofing #TexasRoofing #RoofingProject",,0,"07/27/2026 11:51",N/A,https://www.facebook.com/corefourroofing/posts/pfbid02EnoPXiZVkKXbsJvfagEe6o85PdCsnYhtPMbd2sJ2tsytUVEEB6CJaLYnipCZdkhvl,0,0,Photos,,,,,Lifetime,99,55,3,3,0,0,4,1,3
1655793713218357,100063632328018,"Core Four Roofing","Our team is working on a comprehensive commercial roof replacement in Irving, Texas. This project involves stripping the existing TPO system down to the metal deck and completely rebuilding it to ensure optimal, long-term functionality.

While structural corrections of this magnitude are a daily operation for our crews, we understand that every commercial property requires a tailored approach. A successful roofing project begins long before the physical work starts. We prioritize thorough initial consultations with property owners to evaluate the facility's needs and develop a plan that carefully aligns with your specific  parameters and operational timelines.

Once a commercial roof is properly restored, proactive care is essential to protecting your capital investment.

Learn how our Preventative Maintenance Plans can extend the lifespan of your roof and prevent costly business disruptions - link in comments.

#CoreFourRoofing #CommercialRoofing  #RoofingContractor #PropertyManagement #RoofMaintenance",,0,"07/24/2026 13:15",N/A,https://www.facebook.com/corefourroofing/posts/pfbid02qZoVz2QBeSAr3AY8UGortP8kjMbN5aTSt65fEsZ7FXacha6ULqLwyGjyUBqU3wH8l,0,0,Photos,,,,,Lifetime,484,215,17,14,2,1,26,10,16
1655750533222675,100063632328018,"Core Four Roofing","At Core Four Roofing, culture shows up in the way the work gets handled.

It’s in the communication before a project starts. It’s in the planning, the jobsite awareness, the respect for the property, and the follow-through after the work is done.

Whether we’re working on a commercial property, multifamily project, retail center, or residential roof, our team understands that roofing is about more than materials. It’s about trust, coordination, and doing the job in a way that reflects the reputation we want to stand behind.

That’s the standard we work toward every day.

#CoreFourRoofing #TexasRoofing #CommercialRoofing #ResidentialRoofing #RoofingTeam",,0,"07/24/2026 11:56",N/A,https://www.facebook.com/corefourroofing/posts/pfbid02xSRHDmBaCACi1fNb4sQApeAr2X28wvs8WzDvdvmHgAsEaBcK8mTRxWpKXaTHaJscl,0,0,Photos,,,,,Lifetime,655,400,14,12,2,0,36,6,30
