Top queries,Clicks,Impressions,CTR,Position
core four roofing,102,355,28.73%,2.35
core four roofing reviews,2,24,8.33%,5.21
core roofing,1,96,1.04%,10.41
roofers near me,1,56,1.79%,8.16
roofer near me,1,38,2.63%,16.05
r4 roofing and reconstruction,1,27,3.7%,39.48
r4 roofing & exteriors,1,14,7.14%,43.57
corefour,1,9,11.11%,4.11
core four construction,1,8,12.5%,9
roofers in cypress tx,1,4,25%,40.25
roofing in cypress tx,1,2,50%,35
tpo roofing,1,1,100%,2
roofing contractor in austin texas,1,1,100%,181
roofing contractor in austin tx,1,1,100%,181
commercial roof inspection,0,3233,0%,57.84
commercial roof inspections,0,880,0%,59.33
roof tarping service,0,831,0%,38.85
commercial roof inspection services,0,679,0%,51.85
f wave shingles,0,377,0%,43.14
commercial roofing inspection,0,364,0%,64.5
pvc roofing,0,278,0%,63.41
instant roof estimate,0,270,0%,68.62
commercial roofing,0,248,0%,3.4
commercial pvc roofing,0,226,0%,67.81
commercial roof assessment,0,212,0%,36.75
pvc commercial roofing,0,198,0%,63.96
storm damage roofing,0,194,0%,56.22
instant roof quote,0,191,0%,34.72
roof wedge houston,0,188,0%,62.33
tile roofing austin,0,179,0%,25.58
roofing company,0,164,0%,6.14
residential roofing,0,162,0%,14.58
professional commercial roof inspection,0,157,0%,53.5
residential roofing grapevine tx,0,139,0%,1
industrial roof inspection,0,135,0%,53.3
tile roof repair austin tx,0,134,0%,25.21
synthetic roofing,0,130,0%,55.85
roofing contractor,0,128,0%,5.61
commercial roofing cypress tx,0,120,0%,1.17
metal roofing in texas,0,115,0%,70.99
kohrville residential roofing,0,109,0%,5.6
finance new roof,0,103,0%,73.98
commercial roof coatings near me,0,100,0%,1
commercial pvc roofing installation,0,96,0%,47.93
roof replacement financing,0,94,0%,76.56
roof for roof,0,91,0%,49.75
roofing contractor near me,0,90,0%,1
roof replacement,0,85,0%,3.24
roof repair,0,82,0%,3.93
premium roof,0,82,0%,51.93
roof tile repairs near me austin tx,0,82,0%,70.93
rockford metal roofing,0,81,0%,53.42
coated roofing,0,79,0%,68.3
metal roofs in texas,0,78,0%,55.06
commercial roof inspection dallas,0,77,0%,41.56
roofing contractor in tomball,0,75,0%,1
instant roofing quotes,0,75,0%,69.49
roof tarping,0,75,0%,79.55
bunker hill village residential roofing,0,70,0%,65.39
core contractors,0,69,0%,1.72
core four,0,69,0%,5.07
tile roof austin,0,67,0%,19.42
roofing company near me,0,65,0%,1
metal roofs texas,0,65,0%,60.83
r4 roofing,0,64,0%,45.67
premium roofing systems,0,63,0%,78.06
roof estimate tomball texas,0,62,0%,1.52
stone coated steel roof in austin,0,62,0%,18.95
stone coated steel roofing in austin,0,62,0%,18.95
metal roofing texas,0,62,0%,72.13
do roofers replace fascia,0,61,0%,53.7
cloverleaf residential roofing,0,59,0%,32.93
stone coated steel roofing coppell,0,58,0%,36.91
coated roof,0,58,0%,64.74
stone coated steel roofing argyle tx,0,57,0%,9.63
commercial roofing assessment,0,57,0%,40.54
roof houston,0,57,0%,61.58
roofing company in tomball tx,0,56,0%,1
synthetic roofing austin,0,56,0%,22.25
"""core four roofing"" ""77375""",0,54,0%,22.52
roofing contractor in tomball tx,0,53,0%,1
metal roof in texas,0,53,0%,50.89
roofing service tomball tx,0,52,0%,1
"""core four roofing"" ""corefourroofing.com""",0,52,0%,22.6
commercial roofing inspections,0,52,0%,53.92
roofer in tomball tx,0,51,0%,1
roofing,0,51,0%,7.45
commercial roof survey,0,51,0%,56.96
roof repair tomball tx,0,49,0%,2.9
modified bitumen roof installation dallas,0,49,0%,32.57
"""core four roofing"" ""tomball""",0,48,0%,24.94
tpo roofing austin tx,0,48,0%,25.79
austin tile roof,0,46,0%,23.07
energy corridor residential roofing,0,46,0%,78.24
epdm roofers,0,45,0%,16.8
best roofing company 77070,0,44,0%,2.36
roofing company tomball tx,0,44,0%,2.59
modified bitumen roof replacement dallas,0,44,0%,29.66
stone coated roofing,0,44,0%,69.98
roofing insurance claim assistance,0,43,0%,1
epdm roofing contractors,0,43,0%,19.23
modified bitumen roof repair dallas,0,43,0%,31.37
modified bitumen roofing in austin tx,0,42,0%,15.83
frisco stone coated steel roofing,0,42,0%,54.31
pvc roofing dallas,0,41,0%,29.71
modified bitumen roofing dallas,0,41,0%,39.59
slicefnbo,0,40,0%,8.97
skylight replacement austin tx,0,40,0%,45.8
residential roofing company 77070,0,39,0%,2.03
epdm roofing company,0,39,0%,16.9
modified bitumen roofing installation in austin tx,0,39,0%,18.64
pvc roofs,0,39,0%,51.85
cordova-commercial-roof-inspections,0,39,0%,52.23
hunters creek village residential roofing,0,39,0%,65.95
flower mound modified bitumen roofing,0,38,0%,2.13
epdm roof installation dallas,0,38,0%,26.55
residential roofing cypress tx,0,37,0%,4.51
stone-coated steel roofing dallas,0,37,0%,19.43
metal roof texas,0,37,0%,43.68
residential pvc roofing,0,37,0%,55.86
hail damaged roof repair 77338,0,37,0%,58.3
stone coated metal roofing,0,37,0%,76.43
flower mound commercial roofing,0,36,0%,1
roofing companies near me,0,36,0%,5.75
stone-coated steel roofs texas,0,36,0%,13.44
stone coated steel roofing mesquite tx,0,36,0%,18.39
stone coated steel installation company,0,36,0%,21.69
pvc roof installation dallas,0,36,0%,24.08
roof shingle 77373,0,36,0%,36.72
best roofing company spring tx,0,36,0%,39.33
residential roofing company 77339,0,36,0%,66
roofing company spring tx,0,36,0%,68.78
fix storm damaged roof the woodlands tx,0,36,0%,87.11
flower mound commercial roofing companies,0,35,0%,1
flower mound commercial roofing repair,0,35,0%,1
stone coated steel roofing denton tx,0,35,0%,9.23
fascia board replacement in austin tx,0,35,0%,18.11
epdm roofing dallas,0,35,0%,28.89
keystone stone coated steel roofing,0,35,0%,33.09
hail damaged roof repair the woodlands tx,0,35,0%,37.57
best roofing company cypress tx,0,35,0%,40.43
pvc roofing plano,0,35,0%,40.91
roofer conroe tx,0,35,0%,55.29
roof inspection commercial,0,35,0%,56.54
roof installation spring tx,0,35,0%,61
commercial roof inspection near me,0,35,0%,69
roofer 77389,0,35,0%,101
commercial roofing contractor,0,34,0%,1
flower mound commercial flat roofing,0,34,0%,1
flower mound commercial roofing contractor,0,34,0%,1
roofers core builders,0,34,0%,4.15
stone coated steel roofing bedford tx,0,34,0%,11.5
stone coated metal roofing denton tx,0,34,0%,14.35
best roofing company 77373,0,34,0%,20.41
contractors insurance tomball tx,0,34,0%,32.76
pvc roof replacement dallas,0,34,0%,34.15
roofer the woodlands tx,0,34,0%,37.47
hail damaged roof repair 77373,0,34,0%,39.24
roof shingle 77388,0,34,0%,42.32
premium roofing shingles,0,34,0%,48.12
hail damaged roof repair conroe tx,0,34,0%,55.71
roofer spring tx,0,34,0%,59.82
roofing company 77365,0,34,0%,61
roof shingle conroe tx,0,34,0%,63.94
hail damaged roof repair 77380,0,34,0%,65.71
roofer 77386,0,34,0%,96.88
fix storm damaged roof spring tx,0,34,0%,115.71
roofing north houston tx,0,34,0%,118.65
commercial roofing flower mound,0,33,0%,1
flower mound commercial roof repair,0,33,0%,1
flower mound commercial roofing company,0,33,0%,1
stone coated steel roofing arlington tx,0,33,0%,14.61
residential roofing company 77338,0,33,0%,41.61
roof replacement spring tx,0,33,0%,42.82
residential roofing company 77365,0,33,0%,44.03
residential roofing company spring tx,0,33,0%,45.24
hail damaged roof repair 77386,0,33,0%,52.52
best roofing company conroe tx,0,33,0%,59.18
roof shingle 77365,0,33,0%,76.27
roofing spring tx,0,33,0%,81.61
roof repair service spring tx,0,33,0%,82.21
fix storm damaged roof 77386,0,33,0%,84.03
roofing company north houston tx,0,33,0%,133.12
roofing 77373,0,33,0%,139.06
commercial roofing flower mound tx,0,32,0%,1
core 4,0,32,0%,4.97
stone coated steel repair austin,0,32,0%,19.97
premium roofing,0,32,0%,28.44
roof tarping services,0,32,0%,35.81
hail damaged roof repair spring tx,0,32,0%,41
roof shingle 77389,0,32,0%,43.5
best roofing company 77365,0,32,0%,44.12
roof shingle 77386,0,32,0%,49.59
roof shingle spring tx,0,32,0%,51
stone coated steel roofing,0,32,0%,56.66
residential roofing company 77385,0,32,0%,61
roof inspection conroe tx,0,32,0%,63.5
pvc roofing systems,0,32,0%,69.72
roofing repair spring tx,0,32,0%,72.25
roof storm damage,0,32,0%,89.28
fix storm damaged roof conroe tx,0,32,0%,93.5
roofer north houston tx,0,32,0%,182.25
stone coated steel roofing mckinney tx,0,31,0%,18.35
tpo roofing austin,0,31,0%,19.55
epdm roof replacement dallas,0,31,0%,27.29
hail damaged roof repair 77382,0,31,0%,46.81
synthetic shingles,0,31,0%,55.19
fix storm damaged roof 77389,0,31,0%,81
roofer 77373,0,31,0%,83.58
fix storm damaged roof 77338,0,31,0%,84.23
roofing contractor spring tx,0,31,0%,91.32
roofing contractor north houston tx,0,31,0%,184.68
fix leaky roof 77070,0,30,0%,16.33
roof installation corporal,0,30,0%,28.7
hail damaged roof repair 77385,0,30,0%,71.67
clay tile roof austin,0,30,0%,77.03
finance roof replacement,0,30,0%,77.5
roofer 77388,0,30,0%,77.67
flower mound commercial metal roofing,0,29,0%,1
stone coated steel roofing grapevine tx,0,29,0%,15.83
roof tarping austin,0,29,0%,22
skylight installation austin tx,0,29,0%,25.97
best roofing company the woodlands tx,0,29,0%,29.28
hail damaged roof repair 77388,0,29,0%,41
roof shingle the woodlands tx,0,29,0%,51.34
metal roofs of texas,0,29,0%,64.55
best roofing company north houston tx,0,29,0%,87.21
fix storm damaged roof 77373,0,29,0%,120.31
commercial roofing contractor near me,0,28,0%,1
tile roofing austin tx,0,28,0%,17.54
"solar attic ventilation allen, tx, usa",0,28,0%,17.57
fascia board repair in austin tx,0,28,0%,21.75
hail damaged roof repair 77389,0,28,0%,29.57
best asphalt shingles for texas,0,28,0%,42.75
hail damaged roof repair 77339,0,28,0%,51.71
roofing inspection commercial,0,28,0%,59.36
stone coated steel roofing georgetown tx,0,27,0%,11.41
stone coated steel roofing tioga tx,0,27,0%,15.41
synthetic roof,0,27,0%,40.67
epdm roofing plano,0,27,0%,46
tile roof replacement,0,27,0%,49.15
storm damage roof repair texas,0,27,0%,54.78
concrete tile roof austin,0,27,0%,59.37
roof shingle 77339,0,27,0%,80.26
fix storm damaged roof 77385,0,27,0%,92.85
metal roof over existing shingles 77375,0,26,0%,1
metal roof replacement 77375,0,26,0%,1.42
pvc roofing tomball tx,0,26,0%,5.96
stone coated installation austin,0,26,0%,11.42
stone coated metal roofing argyle tx,0,26,0%,18.04
flat roofing austin,0,26,0%,30.42
roofing seymour,0,26,0%,85.58
roof repair near me,0,25,0%,1
modified bitumen roofing plano,0,25,0%,33.64
commercial roofing assessments,0,25,0%,38.16
dfw commercial roofing inspection,0,25,0%,43.4
metal roofing contractor 77375,0,24,0%,1
roof tarp installation in austin,0,24,0%,8.29
stone coated steel roofing southlake tx,0,24,0%,16.71
solar attic fans dallas,0,24,0%,19.54
best roofing company 77429,0,24,0%,22.67
hail damaged roof repair 77040,0,24,0%,65.17
metal roofing systems in dfw tx,0,24,0%,90.04
metal roof over existing shingles 77355,0,23,0%,1
roofing company flower mound tx,0,23,0%,1.87
roofing companies that finance in austin,0,23,0%,13.83
synthetic roofing materials houston,0,23,0%,22.96
commercial roof inspection austin,0,23,0%,28.43
fascia roof repair houston tx,0,23,0%,28.7
solar attic fans austin tx,0,23,0%,33.04
roof skylight replacement austin tx,0,23,0%,36.87
pvc roofing suppliers,0,23,0%,39.3
roof shingle 77070,0,23,0%,60.13
pvc roof,0,23,0%,65.57
residential roofing company north houston tx,0,23,0%,81
roofing company 77373,0,23,0%,82.74
roofing contractors near me,0,22,0%,2.36
emergency roof repair tarp texas,0,22,0%,12.55
fix leaky roof 77429,0,22,0%,21
seymour metal roofing,0,22,0%,37.14
f wave roofing,0,22,0%,37.95
pvc roofing manufacturers,0,22,0%,48.45
core refractory systems houston tx,0,22,0%,51.18
commercial roof repair texas,0,22,0%,84.27
tankless water heater installation 77375,0,22,0%,132.82
flower mound roofing company,0,21,0%,1.95
residential roofing company 77429,0,21,0%,2.9
roofing contractors tomball tx,0,21,0%,2.9
fascia board houston tx,0,21,0%,15.9
attic fan installation houston,0,21,0%,38.1
roofing companies in houston that finance,0,21,0%,43.43
solar attic fan installation fort worth,0,21,0%,63.38
solar attic fan installation near me,0,21,0%,93.14
roofer 77381,0,21,0%,144.76
roofing repair north houston tx,0,21,0%,166.95
commercial roofing in tomball,0,20,0%,1
roofing company flower mound,0,20,0%,1
roofers in tomball,0,20,0%,1.4
core roofing systems,0,20,0%,11.7
stone coated steel roofing installation in austin,0,20,0%,14.15
soffit vent replacement in austin tx,0,20,0%,14.95
core metal roofing,0,20,0%,18.35
dallas stone coated steel roofing,0,20,0%,18.65
attic fan installation austin,0,20,0%,21.5
tile roof austin tx,0,20,0%,30.7
roof core,0,20,0%,38.4
asphalt roofing bushland tx,0,20,0%,41.4
roof tarping wolfforth,0,20,0%,45.25
concrete tile roof installation in austin,0,20,0%,52.15
new roof financing,0,20,0%,77.7
residential roofers,0,20,0%,79.8
residential roofing company 77040,0,20,0%,89
roofing companies flower mound texas,0,19,0%,1
roofing flower mound tx,0,19,0%,1
roofing contractor tomball tx,0,19,0%,1.53
roofing company houston,0,19,0%,13.63
stone coated steel roofing dallas tx,0,19,0%,15.68
stone coated steel roofing houston,0,19,0%,18.63
epdm roof installation plano,0,19,0%,45.53
professional commercial roof inspection in dfw,0,19,0%,47.53
epdm roof replacement plano,0,19,0%,57.26
roof inspection spring tx,0,19,0%,63.11
clay tile roof replacement in austin,0,19,0%,69.32
flower mound roofing,0,18,0%,1
roofer tomball,0,18,0%,4.33
euless stone coated steel roofing,0,18,0%,14.78
stone coated metal roofing bedford tx,0,18,0%,16.33
modified bitumen roofing katy,0,18,0%,16.83
stone coated steel roofing irving tx,0,18,0%,22.17
roofer 77070,0,18,0%,24.33
tile roofing dallas,0,18,0%,37.61
roof tarping idalou,0,18,0%,40.44
residential roofing company 77064,0,18,0%,41
commercial roofing inspector,0,18,0%,48.06
fix storm damaged roof 77070,0,18,0%,57.67
stone coated steel roof,0,18,0%,58.72
commercial roofing inspection near me,0,18,0%,74.17
residential roofing company 77041,0,18,0%,78.78
roof tarp service richmond,0,18,0%,83.17
commercial roofing near me,0,17,0%,1
roofing companies in flower mound tx,0,17,0%,1
roofer tomball tx,0,17,0%,3.35
hail damaged roof repair 77070,0,17,0%,6.88
epdm roofing contractor houston,0,17,0%,7.71
epdm roofing contractor in houston,0,17,0%,9.29
epdm roof installer houston,0,17,0%,14.76
emergency tarping austin,0,17,0%,17.18
roof installation,0,17,0%,19.82
soffit repair houston,0,17,0%,21.65
flat roof replacement dallas,0,17,0%,34.06
lankford roofing,0,17,0%,45
f-wave revia,0,17,0%,54.41
local roofing companies that finance,0,17,0%,55.12
affordable roofing dallas,0,17,0%,80.71
roofer 77382,0,17,0%,101
roofing 77388,0,17,0%,101
roof replacement north houston tx,0,17,0%,156.29
metal roofing flower mound,0,16,0%,1
roofing company in tomball,0,16,0%,1.12
tomball roofing companies,0,16,0%,2.19
houston epdm roofing,0,16,0%,5.75
financing options for new roof installation houston texas,0,16,0%,11.5
core 4 contractors,0,16,0%,13.81
commercial roof repair houston,0,16,0%,14.75
epdm roofing contractor austin,0,16,0%,18.19
stone coated metal roofing southlake tx,0,16,0%,21.12
emergency roofing services texas,0,16,0%,29.44
roof tarping shallowater,0,16,0%,37.88
fix leaky roof conroe tx,0,16,0%,38.5
storm damage roof tarping,0,16,0%,43.56
hail damaged roof repair 77365,0,16,0%,44.75
revia shingles,0,16,0%,45.31
tpo roofing dallas,0,16,0%,70
stone coated steel roofing manufacturers,0,16,0%,72.19
"roof inspection cost in andrews, tx",0,16,0%,75.06
roofing contractor 77388,0,16,0%,78.5
retail building pvc roofing,0,16,0%,79.38
roofing 77389,0,16,0%,141
commercial roofing grapevine tx,0,15,0%,1
how to file a roofing insurance claim,0,15,0%,1
roofing company tomball,0,15,0%,1.67
austin stone coated installation contractor,0,15,0%,12.53
stone coated steel installation austin,0,15,0%,15.8
emergency roof tarping services texas,0,15,0%,16.13
stone coated steel roofing manufacturers in austin,0,15,0%,18.2
solar attic fan installation houston,0,15,0%,27.4
skylights austin tx,0,15,0%,28.2
tile roofing company austin tx,0,15,0%,31.8
fascia repair houston tx,0,15,0%,32.73
stone coated metal roofing mckinney tx,0,15,0%,36.27
roof shingle cypress tx,0,15,0%,41
fwave roofing,0,15,0%,41.93
storm damage roofing midland tx,0,15,0%,59.27
roof shingle 77338,0,15,0%,61
aurora roof repair,0,15,0%,64.27
commercial roofing report,0,15,0%,83.87
roof shingle north houston tx,0,15,0%,202.33
commercial roofing tomball tx,0,14,0%,1
roof inspection,0,14,0%,1
roofing companies,0,14,0%,17.93
commercial roof inspection mclendon-chisholm,0,14,0%,19.64
hail damaged roof repair cypress tx,0,14,0%,22.43
skylight services austin tx,0,14,0%,23
austin skylights,0,14,0%,32.86
tile roof repair austin,0,14,0%,39.64
f-wave roofing,0,14,0%,40.64
tarping services,0,14,0%,46.86
tpo roof replacement dallas,0,14,0%,50.64
roof financing,0,14,0%,64.71
roofing companies houston texas training crews latest installation standards,0,14,0%,78.21
storm damage roofers midland tx,0,14,0%,79.64
roofing companies in tomball tx​,0,13,0%,1
roofing company cypress,0,13,0%,1
tpo roof installer,0,13,0%,1
local roofer,0,13,0%,5.62
emergency roof repair in barton creek tx,0,13,0%,10.92
roof replacement insurance houston,0,13,0%,11
roof tarping services texas,0,13,0%,15.62
roof repair houston,0,13,0%,17.15
tarping dallas county,0,13,0%,17.15
tomball roof repair,0,13,0%,17.15
stone coated steel replacement austin,0,13,0%,20.23
tpo roof replacement austin,0,13,0%,28.77
roof 4 roof,0,13,0%,29
stone coated steel roofing prosper tx,0,13,0%,33.23
asphalt shingle roofing houston,0,13,0%,42.31
stone-coated steel roofing,0,13,0%,50.62
stone coated installation company,0,13,0%,54.08
instant online roof estimate,0,13,0%,58.77
roofing company conroe tx,0,13,0%,62.54
how much does a commercial roof inspection cost,0,13,0%,78.62
hail damage roof repair,0,12,0%,2.67
roof reports texas,0,12,0%,6.67
roofing cypress tx,0,12,0%,9.33
instant roof quote austin tx,0,12,0%,9.58
roof replacement 77070,0,12,0%,11
roof tarping spring tx,0,12,0%,13.75
austin stone coated steel replacement company,0,12,0%,17.5
residential roofing company texas,0,12,0%,21
stone coated repair company,0,12,0%,29.08
fascia board repair houston tx,0,12,0%,33.58
4 square roofing,0,12,0%,38.67
attic fans austin tx,0,12,0%,43.08
hail damaged roof repair houston tx,0,12,0%,46
roofer cypress tx,0,12,0%,51
roofing pvc,0,12,0%,54
100% roof financing in texas,0,12,0%,62.08
stone metal roofing,0,12,0%,70.17
polyvinyl chloride roofing,0,12,0%,75.83
commercial roofing grapevine,0,11,0%,1
roofing in flower mound,0,11,0%,1
roof condition reports,0,11,0%,4.82
four state area roof coating,0,11,0%,13
austin stone coated steel installation contractor,0,11,0%,13.73
insurance claim roof repair houston,0,11,0%,13.73
soffit repair services texas,0,11,0%,14.18
brookside village residential roofing,0,11,0%,15.73
austin stone coated steel replacement contractor,0,11,0%,16.09
residential roofing company cypress tx,0,11,0%,17.36
modified bitumen roofing georgetown tx,0,11,0%,17.73
austin stone coated steel repair company,0,11,0%,18
austin stone coated steel repair contractor,0,11,0%,20.64
metal roof over existing shingles magnolia tx,0,11,0%,21
roof shingle 77429,0,11,0%,21
commercial roof inspection​,0,11,0%,21.45
soffits & fascia repair houston,0,11,0%,26
stone coated metal roofing tioga tx,0,11,0%,26.55
roofing company cypress tx,0,11,0%,34.64
roof tarping del valle,0,11,0%,36.73
emergency roof tarp service,0,11,0%,41.36
tile roof replacement contractor austin,0,11,0%,42.64
stone coated steel,0,11,0%,43.64
commercial roof assessment free,0,11,0%,44.27
roofing contractor cypress tx,0,11,0%,50.09
stone-coated steel roof repair,0,11,0%,52.36
coated steel roof,0,11,0%,59.45
commercial roof replacement,0,11,0%,61.82
metal roofs,0,11,0%,66.18
clay roof repair austin,0,11,0%,70
coated metal roofing,0,11,0%,77.18
commercial roof reports,0,11,0%,78.09
residential roof installation,0,10,0%,1
roof installation service,0,10,0%,1
roofing installation service,0,10,0%,1
residential roofing near me,0,10,0%,5
insurance roofing claims,0,10,0%,6
5 star roofers near me,0,10,0%,7.4
financing options for new roof installation houston tx,0,10,0%,9.4
austin stone coated steel installation company,0,10,0%,11.7
new roof installation houston,0,10,0%,13
texas stone coated steel roofing,0,10,0%,15.8
soffit repair houston tx,0,10,0%,18.2
hail damage roofing contractor houston,0,10,0%,20
roof replacement financing austin,0,10,0%,20.7
roof inspection 77429,0,10,0%,21
synthetic shingles seymour,0,10,0%,27.3
epdm roofing keller tx,0,10,0%,27.7
roof inspection texas,0,10,0%,30.4
roof replacement 77429,0,10,0%,31
epdm roof repair dallas,0,10,0%,33.4
stone coated steel roofing lewisville tx,0,10,0%,33.5
storm damage roofing odessa tx,0,10,0%,34.8
commercial roof coating,0,10,0%,41
tpo roof installation dallas,0,10,0%,41.4
scheduled commercial roof inspection in dfw,0,10,0%,42.4
roof damage claims weatherford,0,10,0%,48.4
hail damaged roof repair 77381,0,10,0%,57
clay tile roofing contractor in austin,0,10,0%,67.3
instant roofing quote,0,10,0%,69.3
"roof shingle repair cost in andrews, tx",0,10,0%,70.6
roof replacement finance,0,10,0%,75.8
roofing company atascocita tx,0,10,0%,78.4
roofing storm damage,0,10,0%,78.6
roofing company atascocita,0,10,0%,80.1
roof shingle 77385,0,10,0%,97
commercial flat roofing,0,9,0%,1
commercial roof installation,0,9,0%,1
metal roof over existing shingles 77354,0,9,0%,1
roof inspection in tomball,0,9,0%,1
hail damage roof repair houston,0,9,0%,3.22
roof tile replacement austin tx,0,9,0%,9.56
houston epdm roof repair,0,9,0%,12.11
epdm roofing contractor dallas,0,9,0%,17.56
roof inspection services houston with warranties,0,9,0%,17.78
denton stone coated steel roofing,0,9,0%,18.56
roof replacement financing austin tx,0,9,0%,19
emergency roof tarping texas,0,9,0%,19.11
can i repair a leak or do i need roof replacement,0,9,0%,19.89
commercial roof condition assessments in sachse tx,0,9,0%,20
roof maintenance company,0,9,0%,21
tile roof replacement austin tx,0,9,0%,21
stone coated metal roofing grapevine tx,0,9,0%,21.78
bedford stone coated steel roofing,0,9,0%,27.44
stone coated steel roofing grand prairie tx,0,9,0%,28.33
stone coated repair austin,0,9,0%,29.22
asphalt shingle roofing mclendon-chisholm,0,9,0%,34.33
commercial roof inspection houston,0,9,0%,35.22
roof tarping katy,0,9,0%,35.89
commercial roofing contractor texas,0,9,0%,36.56
premium roofing solutions,0,9,0%,41
fascia board repair marshall tx,0,9,0%,42.22
tile roof replacement austin,0,9,0%,42.78
new metal roof,0,9,0%,43
immediate roof tarping,0,9,0%,43.67
444 roof,0,9,0%,44.56
asphalt shingle repair 77373,0,9,0%,45.44
roofing company houston tx,0,9,0%,49.89
commercial tpo roofing systems houston tx,0,9,0%,52.78
stone coated installation contractor,0,9,0%,56.44
roof storm damage repair,0,9,0%,58.89
clay roof installation in austin,0,9,0%,68.78
clay tile roof repair in austin,0,9,0%,69.11
fort travis residential roofing,0,9,0%,70.89
commercial roof assessments temperance,0,9,0%,76.11
pvc roofing manufacturer,0,9,0%,76.33
commercial roofing replacement in texas,0,9,0%,90.22
flat roofing,0,8,0%,1
flower mound tx roofing,0,8,0%,1
roof maintenance services,0,8,0%,1
roofing companies flower mound tx,0,8,0%,1
tomball roofing contractors,0,8,0%,1
tpo inspection,0,8,0%,1
tpo maintenance,0,8,0%,3.5
insurance claim roofing contractor,0,8,0%,7.25
houston epdm roof installation,0,8,0%,11.25
tile roof maintenance austin tx,0,8,0%,11.5
tpo roofing repair,0,8,0%,13.5
fascia board installation houston tx,0,8,0%,19.75
fascia repair services texas,0,8,0%,19.75
hail damage roofing houston,0,8,0%,23.5
stone coated steel roofing westlake tx,0,8,0%,24.75
stone coated metal roofing arlington tx,0,8,0%,26.38
tile roofing contractor,0,8,0%,27
roofing company financing austin,0,8,0%,29.75
flat roof repair houston,0,8,0%,31
storm damage insurance roofing houston,0,8,0%,33.5
flat roofing installation dallas tx,0,8,0%,34.38
asphalt roof dallas,0,8,0%,39.5
emergency roofer texas,0,8,0%,40.88
f-wave,0,8,0%,46.12
roof inspections commercial,0,8,0%,47.38
fascia board installation richmond tx,0,8,0%,48.75
roof inspection dallas,0,8,0%,52
stone coated steel replacement company,0,8,0%,60
roofing storm damage repair,0,8,0%,62.25
roofing flat roofs,0,8,0%,65.38
clay tile roof installation in austin,0,8,0%,71.88
stone coated metal roof,0,8,0%,72.75
no-obligation roofing quote,0,8,0%,85.88
commercial roofing companies near me,0,7,0%,1
fascia board,0,7,0%,1
roofing installation,0,7,0%,1
roofing near me,0,7,0%,1
glen carbon roofer,0,7,0%,2.43
"modified bitumen roofing dallas, tx",0,7,0%,20.43
financing for roof replacement in austin,0,7,0%,20.57
tpo roofing contractors houston,0,7,0%,21
contractors skilled in tpo pvc epdm roofing houston texas,0,7,0%,23.57
solar fan installation dayton tx,0,7,0%,26.43
stone coated steel roofing hurst tx,0,7,0%,31.14
commercial roof inspection tomball,0,7,0%,33.43
roof repair cypress tx,0,7,0%,33.86
flat roof austin,0,7,0%,36
mission bend roof insurance,0,7,0%,37
attic solar vents houston tx,0,7,0%,37.71
24-hour roof repair,0,7,0%,38.14
tile roof replacement south texas,0,7,0%,39
tpo roofing contractor austin,0,7,0%,40.14
commercial roof inspection katy,0,7,0%,42.29
stone coated metal roofing lewisville tx,0,7,0%,44
commercial roof consultation,0,7,0%,46
tpo roof repair austin,0,7,0%,47
fascia roof repair garland tx,0,7,0%,48.86
rice roofers houston,0,7,0%,50.29
southlake stone coated steel roofing,0,7,0%,50.29
stone coated roof,0,7,0%,54.14
commercial roof inspection pampa tx,0,7,0%,55.86
commercial roof inspection services in dfw,0,7,0%,60.43
modified bitumen roof replacement plano,0,7,0%,68.43
storm damage roofers odessa tx,0,7,0%,69
commercial roof replacement texas,0,7,0%,91.43
roofing contractor in in austin 78701,0,7,0%,118.14
roofing contractor in in austin 78746,0,7,0%,139.57
metal roof over existing shingles 77362,0,6,0%,1
roof insurance claims assistance,0,6,0%,1
roof repair tomball tx​,0,6,0%,1
roofer flower mound,0,6,0%,1
roof4,0,6,0%,3.67
roof repairs,0,6,0%,4.33
roofers,0,6,0%,5.5
cf roofing,0,6,0%,6.33
commercial roof repair,0,6,0%,14.83
solar fan installation houston tx,0,6,0%,15
tubular skylight installation dallas,0,6,0%,17.67
roof tarping tomball,0,6,0%,20.5
solar attic fan dallas tx,0,6,0%,22.83
roof financing in austin,0,6,0%,23.17
modified bitumen roofing keller tx,0,6,0%,24.67
"commercial roof inspection dallas, tx",0,6,0%,25.83
solar roof fan houston tx,0,6,0%,26.67
roof tarp installers,0,6,0%,27
best solar attic fans houston tx,0,6,0%,28.67
attic fan installation dallas,0,6,0%,29
tile roofers austin tx,0,6,0%,29.67
fascia installation richmond tx,0,6,0%,31.67
houston texas commercial roof inspection,0,6,0%,31.83
flat roof houston,0,6,0%,32.83
commercial tile roofing services,0,6,0%,33
commercial roof inspection in houston,0,6,0%,33.33
dallas stone coated metal roofing,0,6,0%,34.67
contractors comprehensive roof reports real estate houston texas,0,6,0%,35.33
rubber roofing tomball tx,0,6,0%,36.33
roofing contractor texas,0,6,0%,37.67
solar attic vents houston tx,0,6,0%,37.67
metal roof replacement,0,6,0%,39.5
tile roof replacement dallas,0,6,0%,39.5
fascia roof repair gladewater tx,0,6,0%,40.83
roof tarping broadmoor,0,6,0%,40.83
roof ventilation,0,6,0%,41
steel roofing near me,0,6,0%,41
storm damage roof repair houston,0,6,0%,41
roofing midtown,0,6,0%,42.5
stone coated metal roofing irving tx,0,6,0%,45
"storm damage roofing peaster, tx",0,6,0%,45.33
fwave,0,6,0%,46.67
skylight repair houston,0,6,0%,47
stone coated metal roofing prosper tx,0,6,0%,48.5
concrete tile roof maintenance in austin,0,6,0%,48.83
modified bitumen roof installation plano,0,6,0%,49.33
mission bend roof insurance mission bend roof claim,0,6,0%,49.67
roofing repair 77070,0,6,0%,51
stone coated metal roofing westlake tx,0,6,0%,51
hail damaged roof repair 77065,0,6,0%,54.33
clay roof replacement in austin,0,6,0%,55.5
stone coated metal roofing grand prairie tx,0,6,0%,56.83
commercial roof inspectors,0,6,0%,60.83
coated steel roofing,0,6,0%,61.83
mission bend roof repair,0,6,0%,62.33
epdm roofing contractors near me,0,6,0%,63.83
commercial roofing inspectors,0,6,0%,64.83
roofing 77504,0,6,0%,66.17
concrete roof tiles austin tx,0,6,0%,67.67
acura roofing,0,6,0%,68
houston roofing companies that finance,0,6,0%,68.17
roofer financing,0,6,0%,70.83
clay tile roofing austin,0,6,0%,72.17
roof skylight replacement near me,0,6,0%,72.33
dfw commercial roof inspection cost,0,6,0%,73.33
asphalt roofing austin tx,0,6,0%,74
fort worth stone coated steel roofing,0,6,0%,74.17
metal roofing company southlake,0,6,0%,76.67
powder coated metal roofing,0,6,0%,79.83
commercial roof replacement in texas,0,6,0%,96.83
commercial roof coating contractors,0,5,0%,1
composition roofing,0,5,0%,1
fascia boards,0,5,0%,1
full roof replacement,0,5,0%,1
grapevine roofing company,0,5,0%,1
residential roof replacement,0,5,0%,1
roof maintenance and repairs,0,5,0%,1
roof repair and patching,0,5,0%,1
roof repair service near me,0,5,0%,1
roof replacement service,0,5,0%,1
roofing replacement experts,0,5,0%,1
shingle replacement,0,5,0%,1
roofing tomball tx,0,5,0%,2.4
roofing tomball,0,5,0%,3
roof replacement tomball tx,0,5,0%,9
flatroof installation dallas tx,0,5,0%,14.6
commercial roofing repair,0,5,0%,16.8
residential roofing services grapevine tx,0,5,0%,17
soffit and fascia repair services austin,0,5,0%,17
fascia installation houston tx,0,5,0%,17.8
stone coated metal roofing dallas tx,0,5,0%,18
stone coated steel repair contractor,0,5,0%,18.4
business roof inspection,0,5,0%,20
joran ranch roof claim,0,5,0%,20.4
tarping service,0,5,0%,22
joran ranch roof insurance,0,5,0%,25
roof insurance claim help weatherford,0,5,0%,27
solar powered attic fans houston tx,0,5,0%,27.8
solar attic vent installers houston tx,0,5,0%,29.8
roof tarping sunset valley,0,5,0%,30.2
stone coated steel roofing euless tx,0,5,0%,30.4
roofing contractor in in houston 77070,0,5,0%,31
solar attic fan houston tx,0,5,0%,31
epdm roofers near me,0,5,0%,31.8
flat roof austin tx,0,5,0%,32.4
fascia roof repair marshall tx,0,5,0%,32.8
preventative roof maintenance mclendon-chisholm,0,5,0%,33
premium roofing products,0,5,0%,34.8
fascia roof repair santa fe tx,0,5,0%,35.2
solar attic vent installers dayton tx,0,5,0%,36.2
solar-powered vents houston tx,0,5,0%,37
flatroof installation highland park tx,0,5,0%,37.6
premium roofing materials,0,5,0%,37.8
4k roofing,0,5,0%,38.4
tile roofing austin austin,0,5,0%,38.8
"asphalt shingle roofing dallas, tx",0,5,0%,40.2
metal roof installation cypress,0,5,0%,41
4 12 roofing,0,5,0%,42.8
stone coated steel replacement contractor,0,5,0%,43.4
core values construction,0,5,0%,45
storm damage roof repair tx,0,5,0%,47.6
clear fork roofing,0,5,0%,48
commercial roof inspection burleson,0,5,0%,48
stone coated metal roofing hurst tx,0,5,0%,50.8
stone coated metal roofing mesquite tx,0,5,0%,52.2
facia repair houston,0,5,0%,55
solar vent installation dayton tx,0,5,0%,61
skylight repair in manor,0,5,0%,61.2
roofing fascia,0,5,0%,62.2
instant roof,0,5,0%,62.4
fix leaky roof 77365,0,5,0%,65
tile roofing mclendon-chisholm,0,5,0%,65.8
mission bend roof replacement,0,5,0%,66.6
roof repair storm damage,0,5,0%,66.6
clay tile roof maintenance in austin,0,5,0%,68
solar roof fan dayton tx,0,5,0%,68.8
cooper roofing corp,0,5,0%,69.2
roof financing lake worth,0,5,0%,69.2
roof tarping service near me,0,5,0%,74.6
class 4 shingles houston,0,5,0%,75.2
houston roof financing,0,5,0%,76.6
roofing finance companies,0,5,0%,80.2
preventative roof maintenance sunnyvale tx,0,5,0%,83.2
roofing denver city tx,0,5,0%,84.4
tpo roofing houston,0,5,0%,85
stone coated steel roofing highlands ranch,0,5,0%,91.4
roofing contractor in in austin 78704,0,5,0%,97
roofing contractor in in austin 78703,0,5,0%,107
roofing contractor in in austin 78702,0,5,0%,117
commercial roofing company near me,0,4,0%,1
hail damaged roof repair,0,4,0%,1
paid training jobs near me,0,4,0%,1
roof replacement near me,0,4,0%,1
roof shingle repair,0,4,0%,1
roofing installation near me,0,4,0%,1
roofing project manager jobs,0,4,0%,1
soffits and fascias,0,4,0%,1
tomball roofing company,0,4,0%,1
core four llc,0,4,0%,1.5
roof financing houston tx,0,4,0%,12.5
flat residential roof austin,0,4,0%,15
roof tarping houston,0,4,0%,17
flat roofing austin tx,0,4,0%,17.25
affordable roofing cypress tx,0,4,0%,18.5
austin stone coated replacement company,0,4,0%,19.5
solar vents installation houston tx,0,4,0%,20.75
roofing shingles in grapevine tx,0,4,0%,21
flat roof replacement dallas tx,0,4,0%,21.75
epdm roofing repair near me,0,4,0%,22.25
flat roofs austin,0,4,0%,23.25
core roofing and solar,0,4,0%,24
f-wave shingles,0,4,0%,26.25
flat roofing install dallas tx,0,4,0%,28
roof replacement four corners,0,4,0%,29.25
f-wave shingle installer,0,4,0%,30
houston emergency roof tarping,0,4,0%,30
soffit and fascia replacement houston,0,4,0%,30.25
solar attic fan 75243 dallas,0,4,0%,30.75
tile roofing dallas tx,0,4,0%,33
pvc roof repair dallas,0,4,0%,33.5
roof repair financing austin,0,4,0%,34.5
houston modified bitumen roof,0,4,0%,34.75
roof inspector flower mound,0,4,0%,36
roof replacement in bradford,0,4,0%,36
solar ventilation houston tx,0,4,0%,36
tile roof of texas,0,4,0%,36.25
fwave shingle installer,0,4,0%,38.25
insurance claim roofing weatherford,0,4,0%,38.25
solar roof vent houston tx,0,4,0%,38.5
tile roofing cedar park tx,0,4,0%,40
solar attic fan austin,0,4,0%,40.25
commercial roofing contractors near me,0,4,0%,41
roofing company magnolia tx,0,4,0%,41
fascia roof repair la marque tx,0,4,0%,41.75
fascia roof repair,0,4,0%,42.25
commercial roof inspection cypress,0,4,0%,43.25
mckinney stone coated steel roofing,0,4,0%,43.25
f wave shingles installation,0,4,0%,44.25
commercial roof inspection royse city,0,4,0%,44.5
core roofing + solar,0,4,0%,44.5
houston commercial roof inspection,0,4,0%,45
stone coated steel roofing frisco tx,0,4,0%,46.25
metal roofing replacement texas,0,4,0%,46.75
tile roofers in austin,0,4,0%,46.75
roof financing options,0,4,0%,47.25
skylight replacement deer park,0,4,0%,47.5
repair your roof,0,4,0%,49.75
joran ranch roof insurance joran ranch roof claim,0,4,0%,50.75
metal roof replacement magnolia tx,0,4,0%,51
rolling fork area roof insurance rolling fork area roof claim,0,4,0%,51.25
commercial tpo roofing temple,0,4,0%,51.5
concrete roof replacement austin,0,4,0%,51.75
bayou vista residential roofing,0,4,0%,52.25
emergency roofing services austin tx,0,4,0%,53.25
four corners roofing,0,4,0%,53.25
soffit repair austin,0,4,0%,54.5
commercial roof assessments burton,0,4,0%,54.75
concrete tile roof repair in austin,0,4,0%,56.25
church roofing houston,0,4,0%,56.75
keller stone coated steel roofing,0,4,0%,57
ruff roofing houston,0,4,0%,57.5
bedford stone coated metal roofing,0,4,0%,60.5
clay tile roof repair austin,0,4,0%,61.75
fascia repair marshall tx,0,4,0%,62.5
installing stone coated steel roofing,0,4,0%,62.75
thermoplastic pvc roofing installer,0,4,0%,63.25
storm damage roof,0,4,0%,65.5
roof company oracle,0,4,0%,65.75
roof replacement cypress tx,0,4,0%,66
corrugated metal roofs bedford tx,0,4,0%,66.5
instant roof replacement estimate,0,4,0%,67.5
solar attic fan argyle tx,0,4,0%,68
roofing company seymour,0,4,0%,70.25
best solar attic fans dayton tx,0,4,0%,71.5
roofer bunker hill village,0,4,0%,72.25
new roof financing cypress tx,0,4,0%,73
roof financing el paso,0,4,0%,73.5
4 corners roofing,0,4,0%,75
solar powered attic fans dayton tx,0,4,0%,75.25
metal roofing southlake,0,4,0%,76
hurricane roof damage repair,0,4,0%,77.25
affordable roof financing san antonio,0,4,0%,80.25
fix storm damaged roof 77339,0,4,0%,81
emergency roofing austin,0,4,0%,82.5
vinyl roofing,0,4,0%,87
roof financing san antonio tx,0,4,0%,87.75
can a roof be replaced in the rain in texas,0,4,0%,89
roof financing richmond,0,4,0%,97.25
roofing contractors in austin texas,0,4,0%,153.5
commercial roofing repair near me,0,3,0%,1
core 4 roofing,0,3,0%,1
core4,0,3,0%,1
roofer,0,3,0%,1
roofing contractors houston,0,3,0%,1
roofing repair near me,0,3,0%,2.33
roofers core builders 33125,0,3,0%,5.33
four,0,3,0%,5.67
for roofing,0,3,0%,6
roof 4,0,3,0%,6.33
four way roofing,0,3,0%,8
austin stone coated installation company,0,3,0%,14.33
roofer cypress,0,3,0%,14.33
roofing contractors,0,3,0%,14.33
stone coated steel installation contractor,0,3,0%,16
roof tarping service rgv,0,3,0%,16.67
tile roofing contractors austin tx,0,3,0%,17
roofing contractor orchard,0,3,0%,17.33
flat roof installation texas,0,3,0%,17.67
4roof,0,3,0%,18.33
pvc roofing houston tx,0,3,0%,18.33
fascia repair dallas tx,0,3,0%,18.67
epdm roof repair austin,0,3,0%,21
roofing contractors in flower mound,0,3,0%,21
bunker hill village roof repair,0,3,0%,22
emergency roof tarping services,0,3,0%,22.33
tarp roof service,0,3,0%,23
free commercial roof inspection in houston,0,3,0%,24.33
request a quote for residential roofing repair in north texas,0,3,0%,24.33
roof inspection services texas,0,3,0%,24.33
emergency tarp services houston,0,3,0%,25
solar attic ventilation dallas tx,0,3,0%,25
tile roofing installation in dallas tx,0,3,0%,25
flat roof installation dallas tx,0,3,0%,25.33
modified bitumen roof keller tx,0,3,0%,26
commercial roofing seymour,0,3,0%,26.33
f-wave roof,0,3,0%,26.67
dalhart commercial tpo roofing,0,3,0%,27
asphalt shingle repair 77070,0,3,0%,27.67
flat roofing houston tx,0,3,0%,27.67
mission bend roof claim,0,3,0%,28.67
"insurance roof claims junction, tx",0,3,0%,29
local roofer financing without upfront cost,0,3,0%,29.33
soffit and fascia houston,0,3,0%,29.67
tile roofers in austin texas,0,3,0%,29.67
roofing companies houston,0,3,0%,30
fascia board richmond tx,0,3,0%,31.33
tile roofers dallas tx,0,3,0%,32.67
roof tarp installers laplace,0,3,0%,33.33
soffit and fascia repair in houston,0,3,0%,33.33
roof inspections for my business,0,3,0%,33.67
tile roof installation austin tx,0,3,0%,33.67
modified bitumen roof houston,0,3,0%,34.67
tpo roofing houston tx,0,3,0%,35.67
roof exhaust fan austin tx,0,3,0%,36
class 4 metal roof,0,3,0%,36.33
skylight installation deer park,0,3,0%,36.33
houston solar attic fan installation,0,3,0%,37
tpo replacement,0,3,0%,37.33
stone coated steel repair company,0,3,0%,38
tpo roofing round rock tx,0,3,0%,38
"are financing options offered directly by roofing contractors? bedford 
texas united states",0,3,0%,38.33
corrugated metal roofs prosper tx,0,3,0%,39.33
roofing insurance claim midland tx,0,3,0%,40
core roofing systems inc,0,3,0%,40.33
stone coated metal roofing keller tx,0,3,0%,40.67
24 hour roof repair austin tx,0,3,0%,41
core exteriors,0,3,0%,41
metal roofing contractor magnolia tx,0,3,0%,41
roof fixers near me,0,3,0%,41
roof leak emergency service,0,3,0%,41
roof replacement magnolia tx,0,3,0%,41
roofing texas,0,3,0%,41
commercial tile roofing,0,3,0%,41.33
roofer four corners,0,3,0%,41.67
roofing company with financing,0,3,0%,42
roof insurance claim help edinburg,0,3,0%,42.33
premium roofing company,0,3,0%,44.67
commercial pvc roofing installations,0,3,0%,45
more core roofing,0,3,0%,45
commercial roof repair in bushland,0,3,0%,46
fascia roof repair universal city tx,0,3,0%,46
high performance residential metal roofs,0,3,0%,47
torm damage roof repair texas,0,3,0%,48
commercial roof restoration,0,3,0%,49
tile roofing contractor austin,0,3,0%,49
solar vents installation dayton tx,0,3,0%,50.67
4 roof,0,3,0%,51
metal roof southlake,0,3,0%,51
roof metal standing seam bedford tx,0,3,0%,52.33
commercial property roof inspection,0,3,0%,52.67
roofing business financial planning solutions,0,3,0%,52.67
roof tarping service friendswood tx,0,3,0%,53
prosper stone coated steel roofing,0,3,0%,53.33
commercial roof assessments canton,0,3,0%,54.67
storm restoration roof repair texas,0,3,0%,54.67
fascia roof repair richmond tx,0,3,0%,55.67
roofing storm repair texas,0,3,0%,57.33
fascia repair richmond tx,0,3,0%,60.33
fire damage tarping service,0,3,0%,60.67
commercial roof assessments howell,0,3,0%,61.33
fire damage tarping services,0,3,0%,62.33
roofing houston,0,3,0%,63.33
solar ventilation dayton tx,0,3,0%,63.67
roofing systems for large commercial buildings in murphy tx,0,3,0%,64.67
fascia roof repair nederland tx,0,3,0%,65.33
roofing companies with instant estimates,0,3,0%,65.67
stone coated metal roofing euless tx,0,3,0%,66
hufsmith residential roofing,0,3,0%,67
commercial roof consulting,0,3,0%,67.33
commercial roof assessments shelby township,0,3,0%,68.67
metal roof,0,3,0%,69
roofing 77004,0,3,0%,69.67
storm damage roof inspection services in sachse tx,0,3,0%,69.67
tile roofing installation in highland tx,0,3,0%,71.33
storm damage roof repair,0,3,0%,73
carport roof repair houston,0,3,0%,73.33
roof replacement with financing,0,3,0%,73.33
roofing companies atascocita tx,0,3,0%,73.67
asphalt shingles houston,0,3,0%,74.67
coated metal roof,0,3,0%,74.67
cinco ranch roof insurance cinco ranch roof claim,0,3,0%,75.33
roofing cloverleaf,0,3,0%,76.33
roof inspection services richmond tx,0,3,0%,78
asphalt shingle roof houston,0,3,0%,81
improving natural light with skylights in parker tx,0,3,0%,81
roof insurance claims in rogers tx,0,3,0%,82
summit county stone coated steel roofing,0,3,0%,83.33